--name your databse in postico growth_resiliency

CREATE TABLE "district" (
	"id" serial NOT NULL,
	"name" varchar(255) NOT NULL,
	"created_at" DATE DEFAULT CURRENT_DATE,
	CONSTRAINT "district_pk" PRIMARY KEY ("id")
) WITH (
  OIDS=FALSE
);

CREATE TABLE "school" (
	"id" serial NOT NULL,
	"name" varchar(255) NOT NULL,
	"district_id" integer NOT NULL,
	"q1" DATE NOT NULL,
	"q2" DATE NOT NULL,
	"q3" DATE NOT NULL,
	"q4" DATE NOT NULL,
	"domain" varchar(255) NOT NULL,
	"created_at" DATE DEFAULT CURRENT_DATE,
	CONSTRAINT "school_pk" PRIMARY KEY ("id")
) WITH (
  OIDS=FALSE
);

CREATE TABLE "race" (
	"id" serial NOT NULL,
	"name" varchar(50) NOT NULL,
	CONSTRAINT "race_pk" PRIMARY KEY ("id")
) WITH (
  OIDS=FALSE
);

CREATE TABLE "demographics" (
	"id" serial NOT NULL,
	"gender_id" integer NOT NULL,
	"iep" BOOLEAN NOT NULL,
	"race_id" integer NOT NULL,
	"hispanic_latino" BOOLEAN NOT NULL,
	"grade" integer NOT NULL,
	CONSTRAINT "demographics_pk" PRIMARY KEY ("id")
) WITH (
  OIDS=FALSE
);

CREATE TABLE "gender" (
	"id" serial NOT NULL,
	"name" varchar(55) NOT NULL,
	CONSTRAINT "gender_pk" PRIMARY KEY ("id")
) WITH (
  OIDS=FALSE
);

CREATE TABLE "user" (
	"id" serial NOT NULL,
	"role_id" integer NOT NULL,
	"username" varchar(255) NOT NULL,
	"password" varchar(255) NOT NULL,
	"first_name" varchar(255),
	"last_initial" varchar(255),
	"school_id" integer,
	"demographics_id" integer,
	"active" BOOLEAN NOT NULL DEFAULT 'false',
	"assessment_completed" BOOLEAN NOT NULL DEFAULT 'false',
	"email_verified" BOOLEAN NOT NULL DEFAULT 'false',
	"created_at" DATE DEFAULT CURRENT_DATE,
	"parent_email" varchar(255),
	"verification_string" varchar(255),
	"date_assessment_email_sent" DATE DEFAULT '2021-01-01',
	"last_assessment_taken" DATE DEFAULT '2000-01-01',
	CONSTRAINT "user_pk" PRIMARY KEY ("id")
) WITH (
  OIDS=FALSE
);

CREATE TABLE "role" (
	"id" serial NOT NULL,
	"name" varchar(35) NOT NULL,
	CONSTRAINT "role_pk" PRIMARY KEY ("id")
) WITH (
  OIDS=FALSE
);

CREATE TABLE "assessments" (
	"id" serial NOT NULL,
	"student_id" integer NOT NULL,
	"entered_by_id" integer NOT NULL,
	"grade" integer NOT NULL,
	"date" DATE DEFAULT CURRENT_DATE,
	"ask_help" integer NOT NULL,
	"confidence_adult" integer NOT NULL,
	"confidence_peer" integer NOT NULL,
	"succeed_pressure" integer NOT NULL,
	"persistence" integer NOT NULL,
	"express_adult" integer NOT NULL,
	"express_peer" integer NOT NULL,
	"current" BOOLEAN,
	CONSTRAINT "assessments_pk" PRIMARY KEY ("id")
) WITH (
  OIDS=FALSE
);


ALTER TABLE "school" ADD CONSTRAINT "school_fk0" FOREIGN KEY ("district_id") REFERENCES "district"("id");

ALTER TABLE "demographics" ADD CONSTRAINT "demographics_fk0" FOREIGN KEY ("gender_id") REFERENCES "gender"("id");
ALTER TABLE "demographics" ADD CONSTRAINT "demographics_fk1" FOREIGN KEY ("race_id") REFERENCES "race"("id");

ALTER TABLE "user" ADD CONSTRAINT "user_fk0" FOREIGN KEY ("role_id") REFERENCES "role"("id");
ALTER TABLE "user" ADD CONSTRAINT "user_fk1" FOREIGN KEY ("school_id") REFERENCES "school"("id");
ALTER TABLE "user" ADD CONSTRAINT "user_fk2" FOREIGN KEY ("demographics_id") REFERENCES "demographics"("id");

ALTER TABLE "assessments" ADD CONSTRAINT "assessments_fk0" FOREIGN KEY ("student_id") REFERENCES "user"("id");
ALTER TABLE "assessments" ADD CONSTRAINT "assessments_fk1" FOREIGN KEY ("entered_by_id") REFERENCES "user"("id");

--copy everything above this line and run at the same time

--everything below this line should be run individuall and in order


INSERT INTO "district"("name","created_at")
VALUES
(E'District 1',E'2021-11-10'),
(E'District 2',E'2021-11-10'),
(E'District 3',E'2021-11-10');


INSERT INTO "school"("name","district_id","q1","q2","q3","q4","domain","created_at")
VALUES
(E'Henry',2,E'2020-09-08',E'2020-11-01',E'2021-02-01',E'2020-04-08',E'na',E'2021-11-10'),
(E'Loring',2,E'2020-09-08',E'2020-11-01',E'2021-02-01',E'2020-04-08',E'na',E'2021-11-10'),
(E'South',3,E'2020-09-08',E'2020-11-01',E'2021-02-01',E'2020-04-08',E'na',E'2021-11-10'),
(E'Seward',3,E'2020-09-08',E'2020-11-01',E'2021-02-01',E'2020-04-08',E'na',E'2021-11-10'),
(E'Edison',1,E'2020-09-08',E'2020-11-01',E'2021-02-01',E'2020-04-08',E'na',E'2021-11-10'),
(E'Pratt',1,E'2020-09-08',E'2020-11-01',E'2021-02-01',E'2020-04-08',E'na',E'2021-11-10');


INSERT INTO "role"("name")
VALUES
(E'Student'),
(E'Teacher'),
(E'Admin'),
(E'Requesting Teacher'),
(E'Requesting Admin');

INSERT INTO "gender"("name")
VALUES
(E'Female'),
(E'Male'),
(E'Non-Binary'),
(E'Not Listed'),
(E'Prefer Not To Say');

INSERT INTO "race"("name")
VALUES
(E'Hispanic'),
(E'Asian'),
(E'Caucasian'),
(E'Black'),
(E'Mixed');


INSERT INTO "demographics"("id","gender_id","iep","race_id","hispanic_latino","grade")
VALUES
(1,2,FALSE,4,FALSE,8),
(2,2,FALSE,3,FALSE,11),
(3,2,FALSE,3,FALSE,0),
(4,2,FALSE,3,FALSE,0),
(5,2,FALSE,3,FALSE,7),
(6,2,FALSE,4,FALSE,10),
(7,2,FALSE,4,FALSE,10),
(8,3,FALSE,3,FALSE,11),
(9,2,FALSE,3,FALSE,9),
(10,2,FALSE,3,FALSE,8),
(11,2,FALSE,3,FALSE,9),
(12,2,FALSE,2,FALSE,12),
(13,2,FALSE,3,FALSE,12),
(14,1,FALSE,3,FALSE,7),
(15,1,FALSE,3,FALSE,6),
(16,2,FALSE,3,FALSE,6),
(17,2,FALSE,2,FALSE,5),
(18,1,TRUE,1,TRUE,5),
(19,1,TRUE,1,TRUE,4),
(20,1,FALSE,1,TRUE,4),
(21,1,TRUE,2,FALSE,3),
(22,3,TRUE,2,FALSE,3),
(23,3,FALSE,2,FALSE,2),
(24,3,FALSE,4,FALSE,2),
(25,3,FALSE,4,FALSE,2),
(26,4,FALSE,5,FALSE,1),
(27,4,FALSE,5,TRUE,1),
(28,5,TRUE,5,FALSE,1),
(29,3,FALSE,1,TRUE,5),
(30,2,FALSE,2,FALSE,0),
(31,3,FALSE,1,TRUE,3),
(32,2,TRUE,2,FALSE,1),
(33,4,FALSE,5,TRUE,2),
(34,4,TRUE,4,FALSE,2),
(35,4,FALSE,5,FALSE,3),
(36,2,TRUE,2,FALSE,4),
(37,3,TRUE,2,FALSE,5),
(38,1,FALSE,1,TRUE,6),
(39,4,TRUE,2,FALSE,7),
(40,4,FALSE,1,TRUE,10),
(41,1,FALSE,2,FALSE,12),
(42,4,FALSE,5,FALSE,12),
(43,3,FALSE,2,FALSE,12),
(44,5,TRUE,5,FALSE,11),
(45,4,TRUE,2,FALSE,10),
(46,3,FALSE,1,TRUE,7),
(47,2,FALSE,2,FALSE,3),
(48,3,TRUE,4,FALSE,4),
(49,4,FALSE,4,FALSE,8),
(50,3,FALSE,1,TRUE,7),
(51,2,TRUE,2,FALSE,4),
(52,3,FALSE,2,FALSE,2),
(53,1,FALSE,1,FALSE,3),
(54,2,FALSE,3,FALSE,0),
(55,2,FALSE,4,FALSE,10),
(56,1,FALSE,3,FALSE,11),
(57,2,FALSE,3,FALSE,0),
(58,2,FALSE,4,FALSE,10),
(59,2,FALSE,3,FALSE,9),
(60,2,FALSE,3,FALSE,9),
(61,3,FALSE,2,FALSE,2),
(62,3,FALSE,4,FALSE,2),
(63,3,FALSE,4,FALSE,2),
(64,3,FALSE,1,TRUE,7),
(65,3,FALSE,1,TRUE,7),
(66,2,TRUE,2,FALSE,4),
(67,3,FALSE,2,FALSE,2),
(68,2,FALSE,3,FALSE,0),
(69,2,TRUE,2,FALSE,4),
(70,2,FALSE,3,FALSE,8),
(71,2,FALSE,3,FALSE,8),
(72,1,FALSE,3,FALSE,4),
(73,1,FALSE,3,FALSE,6),
(74,2,FALSE,3,FALSE,4),
(75,2,FALSE,3,FALSE,6);

SELECT setval('demographics_id_seq', 76, false);





INSERT INTO "user"("id","role_id","username","password","first_name","last_initial","school_id","demographics_id","active","assessment_completed","email_verified","created_at","parent_email","verification_string","date_assessment_email_sent","last_assessment_taken")
VALUES
(1,3,E'andyehrhardt@gmail.com',E'$2a$10$ZDngXUkNEi194uaYTnPknuArEe/8.DJRcRxWzE1eJXwRKbpXb.HSu',E'Andy',E'E',5,NULL,FALSE,FALSE,FALSE,E'2021-11-21',NULL,E'rrfWdS4B2NKTlmRHYNIb5ovVsR4aYOXA1jXsfkrT6JT9uWnuXKR4oeMrTJJ5hi2iCSsEC51sDjXiSChhIlrUO5InKwz4sgBVQua4ZER5o1Gtx91yIRfQub7ukRvwPorspE0DgEGjCHgixrXZMx77Vm8515podNiBDVecT0DQtcHJHHr18nOGxrZK9oeMmEhcNIuMcztFPiXBG2j3IurI6CauwWYxxXvkqerVz0ySM7YmRe1kY1qYw5y8DwWlNsJ',E'2021-01-01',E'2000-01-01'),
(2,1,E'$2a$10$Zy3m1j1mFnHz30MGnaRJAOJjegj6RwCI3bbTSJKO6dqUtUtMqqtSu',E'$2a$10$buVPF5y0BGt5pQ7MCVfmvugShmCOU3gqpzHOooSqVvs4jX4mOS40u',E'Anwar',E'H',5,1,FALSE,FALSE,FALSE,E'2021-11-21',E'anwarsparents@gmail.com',E'EJlSuG9sntrKVPwguP0pHqMbocC6L2YLFJs0fTpmjK9N7il82wd9PuyvrGegfW2wotzSB9BQn6OYaaw3HG1ZnBsTamyt1ir7qD1Lg8AxcbcWK3b91o71FyLMmZkZ35yDeqy7hFXIvz9PpomJ72TS6rzLfqZS1xnWUcFQTf3bgSWvcMlkS7hNHPWwevLWNkdjaFccyXshD1zOkUf4jKaNowiFXHrWRAP0g8hvlrXnWhGcn0ZgDMkPg07Is0RrlAi',E'2021-01-01',E'2021-11-21'),
(3,1,E'$2a$10$PW8zHfb4HOezVQjJCKvVaOmiv6J4cphkV507U2JTxAaEFpz9CxNka',E'$2a$10$sz/7.Neu8/Ldp0J8C8fcZOnE/vtx0hVPGWgO7EYGwBwTpux4rC/n.',E'Jess',E'B',5,56,FALSE,FALSE,FALSE,E'2021-11-21',E'jessmom@gmail.com',E'jXIo7EWbdZ2jhniAETynowcXeB82gpJYmLLHrRoW5zOpqtUUmAtrHLtPawAEtUKBhZCS4tFSo3jQZhFr7YczugLGbS1sIKEzGNbbctuB07JjdAN6hUNCsaxMav0ZydgIXTiD9akJZXAQbNVoBTQm0N011qTkrYIj3oxAeb8epFismqhKLF60ugiyiiOKqs5oGeT34bH5OWYVrWUTDIsqjGR7og7Eje5KuQNnhHOYTvWtK8k2C6fVpFD6t2ZpAvz',E'2021-01-01',E'2021-11-21'),
(4,1,E'$2a$10$BFTY2hrSYdvrac8f8wAU4.50LNzoF2O5gDVrCGhtdN.tYHn8NKySq',E'$2a$10$iaOZfzljsVfEgcJupZ4gL.162obI4ad3hnU7Zav8qLY5SeZ5C8LzO',E'Mo',E'M',5,57,FALSE,FALSE,FALSE,E'2021-11-21',E'mosparents@gmail.com',E'02woi4roEf4VhOSrm8IyV2xq7HZlZw1mWA21IErWpe8Mn3h5jy3TzUcxhxhaWpQoDm0z6Clquub08C6IHEbmXxzVbUy8c1uDIh3JyOS9McjlXkLSjUTA0vsRrxtGiBjxkkclJBru8IGtGSPBD9ocYLxKRZQHFLksiCohoJo2M0jbd8hEGEXlQRwar4YeEiMSRYPnWkj3YFEb2TvpuL3eBAXM9LSrwY8DOAav2B7psvx2PjAaZxwhJlUaldygPbQ',E'2021-01-01',E'2021-11-21'),
(6,1,E'$2a$10$a/upZVqXQvTtGIJowxV0WuAIMwIyFjik3kEEFbpNmmJ2Xo7EuqLbu',E'$2a$10$3kqftjlebXKPpWs6IO5IG.NN4T4LPdequEaGxalmq8L3lUnysX6J.',E'Chris',E'H',5,5,FALSE,FALSE,FALSE,E'2021-11-21',E'dadofchrish@gmail.com',E'bF59zH4pWDFGqcr9bkhpGCublBeOCmh2asbC9ZIGa4j45q2HyRUk0CPKOvFjsJuF7Ktxas1FSfllLSyC19VpLFJYwyqag2zCqZYarxskf3qjaeWeHpZcY1fKxo8bwwjmgxJq14XXKvQHemJrxIuVDt3IeKzuS4vfEJUfm7AEQfOWvIbt6Peb9WoBQmUKgwtJNLYe4jaZIbv886JmErF4Nz85k3MieTGZG1CtCIwJLSbXrlGMsRo8XZxtNDIHCf2',E'2021-01-01',E'2021-11-21'),
(7,1,E'$2a$10$kq.0H6YHwFAqet6LwW/PoejPAXKPojVyGTvtLKOPyudNVyJQSQ6QG',E'$2a$10$FKD9OXKy5Hc9RPJhWqTyNOQFzxbSlM2JFYFwbYnUbeUFxLX.uXAqS',E'Ahmed',E'N',5,55,FALSE,FALSE,FALSE,E'2021-11-21',E'ahmedsrents@gmail.com',E'eqRxvi7fTwgwiqgKjQhLlXuydDNwd24bKPx9l9r0zY6k0Yda8C0vI7ZIA4hqUMyH1dk8rHyqgI9kkneWzcqWXOxYKOxZ8qjI39IFYad0vSiHk4iVwWR8swtSxUaciQunboOImLoM9XiVhfDU2ktygYDxPzqHYUkHferLcAd4XbGxLHpdsysLhnYUcNv0GDfHRx98AAnDwBscFIzIoG8oLhu9yvrDTN6zilrkgkAJnOFetum8cb7SB6ZLGEgWt6m',E'2021-01-01',E'2021-11-21'),
(8,1,E'$2a$10$lL96nxSAcjSUoJZRBUy07.4Sp.q9q9UXJZG.DbD4bwKgdPyRmUNWe',E'$2a$10$ZrDihOfjavPpLws6RywHbuiiLovzpFDfVTk2zMNgOjGIrenFotSH2',E'Danny',E'M',5,58,FALSE,FALSE,FALSE,E'2021-11-21',E'momtodanny@gmail.com',E'g8gqdkvu8DFSngrdCrS9u6kI2PfpxgvPdeR86iWfY2fZqzGtUV0iGwfGNVLkhGrMB39ap3V8vYQQ1JTLTYG2FbvEq4hHPxeSIS8AAihNykvR62LzEfkWENnCx3Jvr0gyF79KRmyclP0KUWmAWl8JcpZncobfF2bZzbHSzn3gNxJ9ZnuKZtbR3oC57kcfrY7fzD6xAJTsv8I5RON9sGFyWQcDom4OaRh4jhiDaI3pRJxAl7gtTpF7nzNjUBPM13k',E'2021-01-01',E'2021-11-21'),
(9,1,E'$2a$10$1ETz5i5MvH7XtyNDUk4HeehkFt34DTtoi359BD4eJ6dInrS47AUDm',E'$2a$10$9ezp8Hmf1lujogb9v1qh4.tNrSqFeNjXleyRvvYjhi4dX2MhCSqIW',E'Chris',E'B',5,8,FALSE,FALSE,FALSE,E'2021-11-21',E'parentsofchris@gmail.com',E'H0jFW0blcQ5vHxeItMSof6cSDt4d0i4d58DMR4hGjlLzSgijMRLLBBd2UAtHiFTUoh5at9lsQVMmJzOZtO8MTZJFRgyBPZ9VM32QfBtXSKEXoOtXXUK2O2gEhYOlhcPTlxlfToN5IcqHbwzWxD1GPpz4pdTR0lZrECYq98rjjUAMcu4mlyy6iJEhhAcOpF9y0I2VVL6XqPgSaQDxEDP9dQqZucfsU4147cgoDSrVS0waXBA5ppoGAAT8V0MWcxR',E'2021-01-01',E'2021-11-21'),
(10,1,E'$2a$10$padxlZ9f4SsxIGMI0nl./ucwgsnSgsejiU78g58VZ.r76U8BnRN7G',E'$2a$10$C1GKK1G.5yVtm09svbZTw.tPEkt2rwk7z4RXnWpYoNz4CJJabmqqq',E'Franck',E'B',5,59,FALSE,FALSE,FALSE,E'2021-11-21',E'franksfamily@gmail.com',E'vfuO9i7p1KzQ4rIYP7A299Kw59cW1eVHsGWAFvPx9k3jsPRDoydjRDqfxCQJLTMvEf6xLOzKPWXlIdokRpUJzTajvz4j0wzdRs5GtxTMrl0Njr6poCRQRHHjrMwXDZV8nx7bBfBiItaxkX4lfZ2D0NpB384pj1fmgju58qnIOCSOFTJqtB17RlwRe6EZSSBJvWDFqbAhdsDyd5u9LzQBs70BezEvNCPS0SzORyRIAFaMcEufjoPFkcdInJKtNsn',E'2021-01-01',E'2021-11-21'),
(11,1,E'$2a$10$G0WiMQRwTaxQ/YbwCKbZLeb9UwIoymOM46Pb79L7.OB.pepViwCBy',E'$2a$10$S0GsNmvXPMpNRm8.R5waMeOhO9voaYUP.gqs6wy5sBsPW/HlHhaRS',E'Greg',E'T',5,10,FALSE,FALSE,FALSE,E'2021-11-21',E'thefamilyofgreg@gmail.com',E'CZzY63mwi1xb7M1RYwsHf9pFurNEV42jHtTo32CsvxHNVq4YCGItmOlEMjlLLfRhpY0zoydJThyrtMY75puwKC11UiI7zVNwjlUV6YU4dLiaYsrZleO5dnRq19n7dYL64idWVEmHI5pBse0ZVl8lo84uyyNLESaYPXIaa1CkX4767SfNkfPqF8Vie1xwbwza6goz0keSs44M7G1zxYhLCvUbsTnhNYe49ZFOMPp6R7iwulzetqQ16sXc6XHzvna',E'2021-01-01',E'2021-11-21'),
(12,1,E'$2a$10$Rnik89JO8O3MJL5lRuLAi.crnOQCJpHVoR/IWMQhLWgxFcV1C/CeO',E'$2a$10$JrJx4e/dhVcO9ICWkt3d9eGPIMvuUXwqTV4/9qc8S3Kg8PRpWuurG',E'Ian',E'B',5,60,FALSE,FALSE,FALSE,E'2021-11-21',E'ianshappyfamily@gmail.com',E'pjgTMvre60HN1zr3MdwhLPujKUok2lFD8VUnzh6Ktupy3y7UtEf7M72ukonBAgkqUZcy3f0iTCrmtF9ZwurFxJGtYyNlNh96sm2c7sSg89Zn3CBpHFTOYzsF9T0SzDcDAnTTtSaOWNlIel0NktqViHFBWEED6LtB3xgqi7W5Kp4Qbrj6xBnLAbgS4xZF69aMZuvdLeTJPWUAb00ufw5T4HcWr5YG1AUzRB7l4t4KEI9YiWjd4VvBrEX4nuQ88eQ',E'2021-01-01',E'2021-11-21'),
(13,1,E'$2a$10$PTr.ddDJhAc4i3Ouh04onelGW5C01kJZxnZg5VQ3w7VfRbOYS0wsu',E'$2a$10$Ufh/s.VOxHuWdiB90P8O5OWCSpB5U7CxocGlKm06fc9ybGRTGfIj.',E'Phaydara',E'V',5,12,FALSE,FALSE,FALSE,E'2021-11-21',E'phaydarafamily22@gmail.com',E'UePHBpj24HyjH2aDRKCPLcv8zVI7Ag7fQTzzs4hsXQ92Sp5rOeAR5ya3zay2ClUeSazhfjpTDXsEwz5hejz1983Uvwx9XMLrFi5JEPh6yUi31u85y2iAxaINozk2gW6pcIlkwDXC7BDgIx428rOYbkyENS7KPLkbJMiKVZXRiMXwB8E6q4FRJdwlc7ste3DWUATbLdQjozBnWtkhGPx7sa0dbTNyf02JizuZAXQzhkl0ssgxBbSqX1OiOP94DHx',E'2021-01-01',E'2021-11-21'),
(14,1,E'$2a$10$.pvDrYG.X9hJNNLVStoLFOytUVhwnXgg7C2vgJ6eXsIdGaDVlRGh2',E'$2a$10$MnQRYw0MKpJHj80bImW8FO/xzZG412Us1I4nlw8Z3IdlwYB9TS79y',E'Russell',E'B',5,13,FALSE,FALSE,FALSE,E'2021-11-21',E'russesfamily45@gmail.com',E'Oh67bEQWVAL9w7UrRSzuDfHAqgOwIXAJZzFUplHr1v9fcpgJ0hup04CJBUX9mrkrzwQymyBvhbgKkU1WeN3yTxnT7uVDRqAzi9re0AsPbqP235RuS01QtCPfyy8sS3Gp8acdsHuGcRYV7o5slk8GTJmSPneVcHWULiqy5IEKECxiB2x67G8byseqcmXHwBPkrlq8xa8jyQTKw3ccSN3rRGopdcQ3TCLnsntFtujTFvV2GwsE2GT8C1W1sxBA3Yj',E'2021-01-01',E'2021-11-21'),
(15,1,E'$2a$10$23lbQwuUZlw4rLttZyklV.o10EPQCccR96TvLj39q0D.Bgk/g9QDa',E'$2a$10$aasNON1uSvBblg4be82HtejdaWArNE5EcfTMMws9CgJ3O1I1nlqsW',E'Sarah',E'F',5,14,FALSE,FALSE,FALSE,E'2021-11-21',E'familyofsarah99@gmail.com',E'T0IkUsuzAf4nh2Gs2su5KhbqYs5zTHw5njodlPtO9SZpEKvKSjrZLbbCQirumUjoJ2iLcFbzmC8aGMvcZZrmC7aYAmCO5V8k5SUBF7r0AdpltleY44BEyR6vcmQV1J5abLQevy2lxCreqzXFqdOl56XtYsuknuxSVnXQlsEpZjjxclWwI0zcoNLBT0zvtV7xXEC8oZSavfGXKtzuf4pVFRwIS9uKamMPQlmiLxWH5OHuDSbsUH0qsuYWB5to3kF',E'2021-01-01',E'2021-11-21'),
(16,1,E'$2a$10$Q/zQAFTzATVZBJyRvLVeIOhB1na9NGnm7Wh5f4fKIX0l2OR2P98si',E'$2a$10$mLmZ/x9Nxpvu2fTTVK8Kw.cgbRDD8zfSEdXD6XLRGeXwEUYCQkQWu',E'Sarah',E'H',5,15,FALSE,FALSE,FALSE,E'2021-11-21',E'thehouseofsarah14@gmail.com',E'DC3yisEZVcTTSbBhhdyi4skbF5vOthFq5v35q0lOzrl80UvRz70mC2QgOAdOkA9mhvpcgVtan2FIPM5qUAj5mwy4FsGx4eKAkakC8xTuuuB66hwDIIaYZRbgOKMitHnP8vxTJMcb5dyt39sQTyEABCibn82aG0Pd92DozsIhNwpPLVXdybBpcdgW5JGHKxznEXsvbEzHSQtunzSOk6H4a5aN0BKzbFld1vJukGCKj3uGuDdexR2MjCuL7jkC5bt',E'2021-01-01',E'2021-11-21'),
(17,1,E'$2a$10$Vtcpz81HAKbEzYo1sA6kUeEZEZ/fWLhMtQncYO4T7.lY0PSo2KLJO',E'$2a$10$IjQBRHTyndNeeHXZAd59iuStZ9tQc/K100lg8GqaHtuaSAc3fZTey',E'Tj',E'L',5,16,FALSE,FALSE,FALSE,E'2021-11-21',E'tj4pres@gmail.com',E'daWkKajmPmg7EakydMiXivsV010wWhWxzPhAU4kdsEd1UwEAc0O3n0Mch6Vu8JnmwUeDpejHj1xevOYEx267PSl4iFizI2yUQl1eoiBoeHwRcnU9Nu9CD8WjZpYp4Huc0DIdrJZobXhfsmOGV8oTfBQcGxWFRdwuGgo3DEg95vQpVlgakDJcjZY3mB2UaXlKJ3kf5LgdtjLKZBz7IOsOKFahsMela0is5eCznixhrSb31TZZjzVqShRpMd0kAK5',E'2021-01-01',E'2021-11-21'),
(18,1,E'$2a$10$EF.7fwvbH4kaQE5fbACb5.t/apk9VZt4aluMxhjnm2EuUP1UWMFSW',E'$2a$10$YYskKTJkjbM2W7fL4iuxU.sTOdI2xVUJtR2g5w5sAQV6Wc9o7kDQO',E'Tou',E'X',5,17,FALSE,FALSE,FALSE,E'2021-11-21',E'tousfamilymail65@gmail.com',E'lOYUXeuhqPreiief1qBdAegWXtJj3VXnfWpy0klhEyR8f90klKJZz7P4Y2f9xbjTIjLu1eQpUvciVsORDQW1VeSLBqelcph5FdnD1lOy9fjQoGJXacXe4R86pMltk6lEw2eZzhE4TsJUUDjeDtQ80nYWd4Zdnk5U4cb0PrzLGsaJld2XdUgFvokWIqDNjs2GYxNDu01bqSVAc7uGzZdgwCAPuhPUVFsAR7BeEAcnEkFePDPHACaEgvlfUym5Jbb',E'2021-01-01',E'2021-11-21'),
(19,1,E'$2a$10$YgDyR.P/fnahc8hoRWxKPOx8tVcS3BxGEpcRlZccBt4ODDhVR1kjK',E'$2a$10$qxySqjesxY/RHvVpOqSvR.YSai8huZ7Qde8dXIZx090C6fb.C7esy',E'Ashley',E'T',5,18,FALSE,FALSE,FALSE,E'2021-11-21',E'ashleysfamily88@gmail.com',E'zL6bpsKVA5eThRy1apuSLfThHwu2TdebrwU6KWHy56J6RGLM3C0wxZNSXJ9aUSCB2v0vV4sOUNJhiGqNfiFY15gzBYJmsvnPvOIJrwLVYbjLxzPXvrDdIObG90SZJJAtKNC3hv2YsUAGSNt4vfgqj9AJE8OEgH0Qr1yTEk1xXhgkq6HRLgkPxx1vF4JmZc0KJOyJA3JZtAOjnF7z8ehFtYay8GTrd6g4mR7bQpCZPzDF3WnkkI8c6CWG340M2U4',E'2021-01-01',E'2021-11-21'),
(20,1,E'$2a$10$sEvXmJsuQIORslZsSib3geRnbjnD2Z2fdkTn9FoZ52NbmnrpDaMjO',E'$2a$10$/yUykE/fuNYG/aecdY01BOAVhdt70adWXbVlpenbLwa5OqspepSrm',E'Jennifer',E'E',5,19,FALSE,FALSE,FALSE,E'2021-11-21',E'jennifersfam4ever@gmail.com',E'Vd1Lb1baaTnj93T0o1CwofgY2zTQUOCl8l5tJXki7a3x2rh3aG1AxJcSPWNluMaQtHDrvlWihPQu4Yqm9Z3fik9Dl6qU0gDZuz8bLMSr5uUzcs6Mxouel5vCoUpNqwSZlcNzS673yI87zn5bDsFEvzw6fpmtIU0hSODDn7c6a4Ni9uPBwQoHZ3rYrP7WYcwiMP5oda75kJPNdpUMguWOE9wSRtOagzr86SECyaZdApnOdDxdX3KuafHUhj5C4yT',E'2021-01-01',E'2021-11-21'),
(21,1,E'$2a$10$y2sohtU4pgrUhC3n/0W2geY69S18Hw1/adhICoDg9065HUQj1xdeC',E'$2a$10$c8Y7TCl3zAsuVhsrpZjbZONhweaZQlHZPlnNE7.lVaguckIIUb/XS',E'Emily',E'W',5,20,FALSE,FALSE,FALSE,E'2021-11-21',E'familyofemily22@gmail.com',E'XmAikT6oLwaONgkrsxNOt67JiMeplNB0aMtohC3HtFyo2vZktOSuQO4kBmdBogt0oAMj7pcGxp090kymE5dPu6PNBAthNtS2zfkVkFkfHj9O2pAn4JSHXENircbXCj1S4tiNLdlBscGtmL7zs9kAce18PMbH7Pw59gv07i6ZPZVjdQKxQdTQ4jwcbjXvpY0PMVc7a6HqzZq7u8Nz2HRRrcUN7hoPeDdsW00ppHFhWCKUwbkfoUkLkflnitDygn4',E'2021-01-01',E'2021-11-21'),
(22,1,E'$2a$10$tJ2DECZ2VGpv3iqHLbg9k.b1sMgu1EovGGUwDBE0/5UPJ7VhkQTPa',E'$2a$10$GN3BnaRjCbosZ3hmiIdJfeNhVC6IqwHYhcfom1UJEHEHV5r/GQSKC',E'Elizabeth',E'B',5,21,FALSE,FALSE,FALSE,E'2021-11-21',E'lizzysfamily22@gmail.com',E'eeiwI28hfdYx9wT2d5eiyRXSeJEzYfRhYemQR6bgxXWPsnM1I1sOhDRMVb4KyUZ7uLhrtDPab2xY6f1UvFQD78hwH2WqgfivOUKbjadp2NOpj2WPWMNuD7tvkdP6vDIFA16KGdhP8wKUmhMVc4aTmkTSZzIvuPpI5N3SkYhRpQ1LH8sAVUS7Mi7MWl7ijSjDpavXEOrTRO5Gh2RN8vt9NKjbw1CvPM4oJTMMN1yqitSvHJbm0O1i2RZBIPbJSKe',E'2021-01-01',E'2021-11-21'),
(23,1,E'$2a$10$KCG6qiJU6GY2JnWYXZz.IOGbDDbGE8ZpOtEn.N3bdmpWHHejL88Lu',E'$2a$10$3ZYuJhnNoBFTp//3vYDj8uXU.9norOZ.s1sSqZvUtTzVyBFn3gcDK',E'Stephanie',E'S',5,22,FALSE,FALSE,FALSE,E'2021-11-21',E'stephsmom223@gmail.com',E'VlW0VWKAyYgPmR7aRmvqF8myhlO0ZBTIukAXX3kgl3ClDBzP6jfpdHMh9c9RDGNPWWnDithzbKOJSsnpfgQUMEIGC7MNJyuBNvTDSTf6572m2gNzTxcZhSDnQaX1pkvGBCMkxPcvaAEXadIDBxbUmztkNZk37AGKNuOXhQcllyVwHOC64873HhPnRyyV03hmnMmxBvLTrI6zYjIxhT35BvZ88UNj7IudJzzAejiaekV8MugjZL63HKZZoERhMYx',E'2021-01-01',E'2021-11-21'),
(24,1,E'$2a$10$9niP8m7IsnI7ANY9TPdTcOoVMQbJxyQZKkE4UNud/YuUIUHlpcg4S',E'$2a$10$TvwOBlPF6rMPteOerGIf8ecq8v7uzK3YPql7zbolijEI7JMmj1xaO',E'Lauren',E'R',5,61,FALSE,FALSE,FALSE,E'2021-11-21',E'laurensfamily98@gmail.com',E'Tk0sPMztx6CSRQS13P7fnkHzqYomzWFSwzLSGgz5ahtaMAwDwvyL9k0Hqw7lFp9Y7r7q8EA3fXJWSl4mrJEW7TIwYbj7OqcRBe8kzS2nWS49YetfeSm8aou0rsuFRX2MiFUQemtbNc7UhyWZuFgnFrBb8HflNrKNACWFcJwdMULMninlLWd8xNuGoyIEs7h1mC1mRXGnmaoJYjQlrv34VCdeBnnARvbixg1QRnZompMTo7E3DAJD3rlkcy9B0nc',E'2021-01-01',E'2021-11-21'),
(25,1,E'$2a$10$hbk1PBiaZtMt8D3Cy7L/.uFyp1Eg6xCUb1oHmZBH.FTGKuDUL38Lu',E'$2a$10$SCUtDV0ID3xx2zhnXwI0meJUO1OeXmREc1x.IfbRmnuRrTCEN3Dd2',E'Nicole',E'P',5,62,FALSE,FALSE,FALSE,E'2021-11-21',E'nicolesdadsemail@gmail.com',E'Jys2t6ifh1WcwNXjmigsH2kDY8PY9o0plcu7NcDkc8I3w2WjHh6GWSKJEnNEEv8qyY89g2qNPt9cVHetyKZIXVzhlfxNXo8vcmsQCKbbCrPxlpDZEP5hCTH3CEGgI7Rv3OTwxDvPh5AR9Tchhcfn84lj9i2WGhfWS8bvZWorL0Nt68BGirERLWRGAmV5tSyjMb8zt4l3pZnclCusMzqXocROgrhesAk2gpZUcrIcR6a7XBgpHC9042u3zw4vWPT',E'2021-01-01',E'2021-11-21'),
(26,1,E'$2a$10$e6IKLVPvNplqL3MEaueASui6iAki/IJloOkfn7Xem68LqOH8P1LVC',E'$2a$10$M1HE6kaycyclYYVW3zLedOzHsiAD0IqfSM7uVpxvkaJxDpe.N7/Re',E'Brittany',E'B',5,63,FALSE,FALSE,FALSE,E'2021-11-21',E'brittanysbigfamily43@gmail.com',E'qa6dWrnWpqHgERdwNNxT2ocmmWcZCrNXdrfIM5CkkJ48Uqo24FJjdczTTfVOggvVoQhz5UALGRwgOoF2ybrY61AE9zq4LmPTYkMsgoYcSHNvrqR9Kcp2iKd7fQBKPEDeUFdW9D0UOexGJrbWL8AE229jiJIFEw6rfO7vSJ3d6Tdhdoyi2Ykz3AxtmanqICD8WWDosKw5GsRnPrZfwtMp4fpXJNU9jlb5d9ktpM6FofuppYQdoAwR2imtIvdYugL',E'2021-01-01',E'2021-11-21'),
(27,1,E'$2a$10$vcLOVgTKAxqXvRG4BgLSC.wlFd4SzUedUCvUYX0DTjWZvFSO6CXGy',E'$2a$10$hekqc47NmIPKRIvZNL4g/.qdc5zH06wkRpGpunUwmsnb.wPEtzr/i',E'Megan',E'W',5,26,FALSE,FALSE,FALSE,E'2021-11-21',E'megansmomsemail22@gmail.com',E'wXli559UVVVCKR8jm8ZAwVPg0O21hXKpjRmEC117p23zHM3JHnLf0dbwMY54a6IoEd6jYrBWbfjBNsGSxD3BNP0Sdurti8FPJyyHEsC9lk5uX1ka64LEQzoowqxZdTjeqWioXp3lRVsfpCfgmsqKdaFSptfoC40ckrMNcslzmexI4gfN71QnbAZqd9ywCoAZ901A2uc3R4jrbNiJMAhKCKhZmxHM07iaRBBWQgSUIx8ztP9WieMh7dsOWxuVLjm',E'2021-01-01',E'2021-11-21'),
(28,1,E'$2a$10$kjMvKKPmHltC29zFB9wT9uMXL3hGebbLxaCQgdxt1ztVTxSlsN/Tu',E'$2a$10$bguIa5FM.b4lD1CVk3ejjOsItUdm4GTGXtbHjLCsBfg.tU7qrnM42',E'Rachel',E'E',5,27,FALSE,FALSE,FALSE,E'2021-11-21',E'rachelsparentsemail84@gmail.com',E'XnoF26w7CC6zrG2SOa81jxQi1ayB1fQWZx1k0P0qFmd0FBBEYyLgxEzK3fR4JaWcgnBuPfIYUVG2I4Gt757VlSMa72Zc5rDaWTuNXDydgVknsmYJHanBscRAod8v8VAfRs32lgML30ibg1aO8SWACD07VeTzi2qnZmPM1QTYwkJLYoWviuaAEGdPCT0MUod8CM0UFt84rQyE8kyOOJumZLXDQLMpBMewZQUgTjigLrVVqCGS1f1ikNliMtgrwWM',E'2021-01-01',E'2021-11-21'),
(29,1,E'$2a$10$rpRgNxtCNagXq25OuNhaouZy9bfDUlsIr72filLU1q6D5IEP3LA8S',E'$2a$10$2X2mVTIFb4pguaxQIOkji.h79R8WD88aDcbqlncKuQNQpk2sT3c8W',E'Hannah',E'H',5,28,FALSE,FALSE,FALSE,E'2021-11-21',E'hannahshappyfam44@gmail.com',E'KgdZPAy6riPmcPXfofRcjvinAjDKaBo2bUIBJDA6XLhE7YDeVW9kzdrHBtsLblRACu8KS8PnKIU9ufstltDG3n1YURYlJ9fNwSD08RLdfWvv4JYw5sjxMqMalwoOheRZFImloe6s4t03P6f7mXmKoHe8ZrD5X636N85x1Q3VIkBkrIp3hIXQz1AuZdqFLSLdDTSKGA72f0B7x1QFDnrlYkY8RkgbNBc9xRfRvkyIocdgwyLkq10kClMIR8FoInR',E'2021-01-01',E'2021-11-21'),
(30,1,E'$2a$10$mC0590MzmfhYeGI2xOAzH.dhcQWFN8m.y6XhcFny2uiduf4pXt3FG',E'$2a$10$C29M0QKVGLuHSEIyubwQfuBRkZy.aewtCKP8D3108H/Kc360zVsuC',E'Micheal',E'K',5,29,FALSE,FALSE,FALSE,E'2021-11-21',E'mickesmomsmail29@gmail.com',E'Mo7cfZ2aH7TNPMLrGBiivLSlEoPbo53EZKMDeZj0kTK4uZbO4HMfKVTgk8Fzjjdjp6ogVS3RPU5R2ZbFFGhccHWdA4AspcMRVN9QZJAGKQofsyu1YvbpoYwFaYRP4rDdF0J5N2ULpS8T5mjUkUwiOmf6Bfm3AfAf6rfAAYIaIpe21EIimDXuYERFNGuK1L3YmTDAAmyl95clhqVfrCNtRBBTH3i1UUdhG9xPyI2J0r1m2KakinDvDNG7B5cBCC7',E'2021-01-01',E'2021-11-21'),
(31,1,E'$2a$10$2glUrMRPYZhT.VVz.oxa4OmAy7k/9w71cqZnVSIPU0dMb2YaQQKyW',E'$2a$10$ysTvGQ2G2WNLUC7R7mzlEe.oaBzlglcMNHy5j05rfBGkJYwp.DqHm',E'Christopher',E'N',1,30,FALSE,FALSE,FALSE,E'2021-11-21',E'chrisesmomanddad29@gmail.com',E'nX5pX62pS6RQGrVP2HZDGVtFlwBEEZMpdn5N55xuVoSGIfLwRega4l51IMQrlj61m27WHtay8wJNudWpgbb1wiNmjQJV21P2lYUT6n8qjyfl5cXhaQBFfDvuvIbBR7OfN3MMdVk9VdHOEGC2BpST1mQ2xcxFPbx7y0JZ8l38JMs26ggXg2f2tZdyE86B0XxGrnigpUJKZsg3PAoIdbVgBVvZXb1AtFMBwX1fJium5anWEDtlUZ3Q6m3WK0KHf1w',E'2021-01-01',E'2021-11-21'),
(32,1,E'$2a$10$xUbJirk4K3EvRLnLjL5BG.jidc7SliJ387k9CgJir0ajTr.FV6Taq',E'$2a$10$MPuu.ZCRFplixL4TpVQ/Guy5OpIZ7.XNqHJqTAfDdOw4sHPubzD36',E'Joshua',E'C',1,31,FALSE,FALSE,FALSE,E'2021-11-21',E'joshfamily4ever22@gmail.com',E'd2U8l2dVfCWdEiI3SWwyuJ4JnkgXDlZMsxW9SiNRwWKNBtUGjqk8ZVgAUza5qWe4D42ZmYpaW3iOIHhN6OGEPSedyOPO589XSfuzefCX8ydzxsDvrGdEMNljbKvpkbi1kBGKxxdxLnyFwSV6flyEjcFp9S5LywTUNavaBCnqWECQcc15km0LRWUROnV41iSHXnoYCTdBSS71GYcYX3OSMR4TTkfQ3udhXNyu8moiBIPF34NPBe8QFBGRnODvTkM',E'2021-01-01',E'2021-11-21'),
(33,1,E'$2a$10$z7Kh66.f79kmh44cCCVrMe7qMVs4Zfyxxm3D/ZVDqHgJ3LjkOASSq',E'$2a$10$b.bMTUrmBJvJYsIvJ29Ao.n3SuFwWf0QoVy9MiBCNp0gtgaxVpMWC',E'Andrew',E'A',1,32,FALSE,FALSE,FALSE,E'2021-11-21',E'drewskisfamily33@gmail.com',E'9wnNkqaZTbwDnviwZmgw3exGYMp25y89mmioVIFK7xRGGwBHdAlffIXndcwqmSDIyXvRbQ8PRaS8R23qQpkna73F5l5p64LVpIiazkIF9836QV1BnBaMhHQoLXoZRjZ5MSTjcg3JVm36t2CJALH8o1WCQngNzRHDVlF6wTiF5IMQLFaJL4dHzPqxWs0ombT4j5EcxuY1FQJs5pqYRtDTUA1YOaZbvJV3pfDAEFus894qiRFT4BDJA6nkXO2C4y2',E'2021-01-01',E'2021-11-21'),
(34,1,E'$2a$10$AvjuqpAwUjshXb2kmTqgB.wyrCK3Z17ej6Y5yQK4YWNFAHGZ.whJW',E'$2a$10$nTwhp1pMFml/8jcMox84/OoMBNeYJinjIm6m0TrmedwLnmRSGNwu2',E'David',E'O',1,33,FALSE,FALSE,FALSE,E'2021-11-21',E'davesdadandmom82@gmail.com',E'7tyf6naNmlgbg3xQiS7J4pZEC89i0mUy37hBo4XFf8xG1AgFkv3BG0IAAmxzyq2yZ8sHZ054HenDavmIPfXYXNVEzVo4YMPyEecAQOGCodmeiUDyqFTzTHFSJ2gNhI4f2CTPM3Bcn9sHXB9TlNtUUZ2HS4NwYwn4FeO4OBMbUjPjDqRSSHj7mlxx1SCVqgwso9xCoHIA7NVWJi3itDhhpzqDvtWuQsK6Nl5KislZ03qL0xwpxDmF5R1QNZTzVXf',E'2021-01-01',E'2021-11-21'),
(35,1,E'$2a$10$nl6eK0VQ4bEOyMl.3sZL4uf.zy32OzKUfuwRBJYeKvTrE34VuLhwm',E'$2a$10$VCz0PNZvCLWfKUiaOGTw1OoGttkTJ7I47dP86uDio5HfZZs1A64Vi',E'Ryan',E'M',2,34,FALSE,FALSE,FALSE,E'2021-11-21',E'ryansgotafamily',E'shyZVYtJAFEWb98ZgYFx0ChQTwmtrXXLXJAE9rKQryeEKp7YywPyynspvPBA79Y6zJua8nn2pwMtBl3OhpCBdlT3EPw6h42N8TCTKJpL5ZvJh3s0IfWSPUFs1YpPD8Evss5w5fQfMNbyCDDuSXYOh7sHLJcNqPKnrZjCyOAKJHXQ4budYCMZiShz8gNxiFdtkBOKTASU3JenMjB4CMPD3DBEGiG3kGRWRnswZlPzbm2SGQacBd1ZHAYMqI1zhBP',E'2021-01-01',E'2021-11-21'),
(36,1,E'$2a$10$8W13f8PzQFx/qt5ZuXBsr.CLwraaumGAOfYQxPPX3onmtk698Q.P.',E'$2a$10$SGb8mD8ylyrQRyDONFyq2eY/mUHQ1IoBZFT7u4aEusXz5/BjiJEWi',E'Jacob',E'P',2,35,FALSE,FALSE,FALSE,E'2021-11-21',E'jacobsdadsmail@gmail.com',E'diExQopkuOT23jDsR6sbF2evSzWhCCiCOjdrtwxqtDV86mWMfhMcFf5p1oL1MBgotkr4i5LQXI4UCAmW0JPQ9fNF03p7jqzcSxPBQBBk8UU5BdawICUZiGVHto7AUs7aPkfXPmOMjnGlwKHBZWWt81SzH4vHvOoXiaQrgBltJwnAAHkr4VloeSNVpBHad14w6KA9e7uKhoAPrPPY8C4M8lq2cRTp82QBHeJXrce5ratnZH1OgWzTf4y6Vvua4PY',E'2021-01-01',E'2021-11-21'),
(37,1,E'$2a$10$lhEXsuXOiWhhpoVF2iQkCer.R7XhzVNWBxQjQgp/DdJjUEAoN/t9a',E'$2a$10$FCNJyUeNP.xV/UJtsmjqMu8u9qHYnmz5bqEPwLxbZkNVWk2pJuydK',E'Brandon',E'B',2,69,FALSE,FALSE,FALSE,E'2021-11-21',E'brandonsmomsmail22@gmail.com',E'0GxyL1bVH4LSNiQKaEZGdrrqsgRhpzadEGifH2lmcJyXfajmDnB8p1yEfQLuFYlw0CmRafSrSzIxX422HeJLsZTfV0xB7x0ihVKZ1d50X8SpE4A43Z8IpzwjyFVKF21DhERKEaQArZES5YKzOB6FEduxmOhi3KBzSC33nOheLDl0H3oWwlMibk03CBv6CFrQJktYL8CHQCEMOu1rfGEi4yb97FDeZxFUGPm5DBuirOkDHWDONgc1fb12m3F9VXd',E'2021-01-01',E'2021-11-21'),
(38,1,E'$2a$10$lm6IfCLwEZiHnMm/ltgdz.VxSwRyLUzl4wgziHzE4iWAFL9hWYJ2e',E'$2a$10$6g.pwjqL4eWHjvjlvdu1GOUR3KvZrlijfXzPwwY8f9zDF3gnjF.Cm',E'Justin',E'J',2,37,FALSE,FALSE,FALSE,E'2021-11-21',E'justinswholefamily73@gmail.com',E'PAUCGloyxBAqHZ1KFkZ9b2m6KP35MdxhBYIGQJePxyMXDuFcEE3G196CCIr9JABerzGmmd2ZKvKjOplM2RBnfEHaQsMEge7sQTjeyoZkP5lx3UYNa0WFciRi5MR0yLAZ12cClV73geFcN0SUEgYw5aKVCUJZ6A7TGdTWpyGI2q8XkcFDsRiddLs5fT4HElBQX6NzWEs0tCGPx9m2s69ilJu2kSQ2giIbeduVEUznsJkw8sDu9keStEEsdWH1yC1',E'2021-01-01',E'2021-11-21'),
(39,1,E'$2a$10$C0YT5GrFyhGNyUlgydhvOewyzL2yLzc7sdqPzggu840d/IdApaPke',E'$2a$10$jvAUIq0WmzGjfO7Mkxwyhe2feicwphf1BXlnuoIYGZCnTDFIEop4O',E'Emma',E'P',2,38,FALSE,FALSE,FALSE,E'2021-11-21',E'emmasmasemail32@gmail.com',E'kswvZQLZlpPGIhifW0qBkLgUzYC3Bv6YzPidxWvNnVV7GiYHYbK8MqhXWymzdhR1ICzxxhhyjvnCg7LPlJLc2o0DfPgjivXmj0pHxAFwUUPV27DIHmcK7Cqz58nzfa3TF3c0N98f3L6jZqZzp4Fxh56Ejj7zVVhkF8CRO6nE66GHPjVaEo82aiE7QpUFsalGWaVPt5tCG8CnQEcefSTpkDuavQV2stvHf8ul0kvvlPH4mWjkLk7phDLq4RvrBOi',E'2021-01-01',E'2021-11-21'),
(40,1,E'$2a$10$Zzax6egBgxgQNDq2hR276ONpaORLMVhFCM9vhFE3s7GngaPrKetL.',E'$2a$10$uzoeWUQG7cRBNf46fS2ADepRhOPtyHIEVAvMABQK9WcvHyhOhlJgW',E'William',E'T',3,39,FALSE,FALSE,FALSE,E'2021-11-21',E'willsfamily425@gmail.com',E'Wf2kvpUG8EDIT4NxjjEqwoLqN0FpDZ4pzh2BJErtwVY4hT043NY0KDcdX0jrC4Phgiv4IvhrYo9nBuNso2MrvfsSTxIwrofPq3v0jThhi1MgAk5ITlXVzto5u38wlqtMBfvZ2NjLY5jVWaTF3l8ZHjhufyMaTUC3souqZWHUqRJkQTX67tVDe8ShP3r2anNFBGHDYvq76v5fHaiiuEXVBevqy2Aw90MRIKEuUWTIbWTgf8q8LqmTETKwDAKNwkK',E'2021-01-01',E'2021-11-21'),
(41,1,E'$2a$10$PEKie.3Ddm4GPbHR34MAHO3FKBNmXUw/wRTeiQ88tUvDkSFoq./um',E'$2a$10$KAB9URD633.aGx4hMQuaxObifSOb7HXoeoAC0cT0TZ1m22qDXgr2a',E'Tyler',E'P',3,40,FALSE,FALSE,FALSE,E'2021-11-21',E'tysfamilysemail43@gmail.com',E'WQFqZdWaDkpYIQLXT2ui6G0hxvkQL4eeV0xrqqmraN8t1yyecQCYFnRO4E75fVD0bieReewEIc4BvgkVJDUdOOBiibMwTg3btXQN2zUgz7Z0Basaa9Gyc2MU6ifxJr22SrQRrRdVXwdKSE41NNhLJWuM0pY0Zi6bY29RPqiKnLGyiMZLCnjGPpovFhlzq2PBiZ3QcWrBrmsIjbVPFRb7zfRp0b5bX7g05bvXeHZRq9YcqOhuui13RfIbglyQjcD',E'2021-01-01',E'2021-11-21'),
(42,1,E'$2a$10$ZftjT4fO7vJPahnmL2VWUOstX0dskzHaxrMo6AQ.BAUDBuNv5zNb2',E'$2a$10$GJ0aECe1.i.fBlyUvwdq9.IoaWOA5Jabnm1Dg9hGGPOpS86qZtShy',E'Ava',E'D',3,41,FALSE,FALSE,FALSE,E'2021-11-21',E'avasbighappyfamily43@gmail.com',E't6ldMUEp0HU1VwNHylK7A3CjVyRR6cHWm7hJdFdLyIDK1CsfGoT5JyevLuNA8o9pFURt2Y659p1oZAYUgbGnaTK5yd3TjRBeLVs8khaVjSIy2QDZ1ham1LbK73N6D2GAlzblH2Kje6C5NNo44rTlVYjmPf41D6V7DGZHYaGaXiOOJMaS4FMg4LwrKHY4UctQF3LHwApJaKmF0PDtu4FbARYOkZc1jWJ6zaIRotULeNUlRe9RKBeI1OgTrolnASk',E'2021-01-01',E'2021-11-21'),
(43,1,E'$2a$10$fL2GONFBbyQ3uN0pUzFfX.WEUAb0JmW8xSEkeCqg4PAajZXQ0C76u',E'$2a$10$r3XjHzhUOQ2xFj92ojLjA.JwFWK1Z4ofS2ixsxfYhhoJh.WwktWp.',E'Olivia',E'E',3,42,FALSE,FALSE,FALSE,E'2021-11-21',E'oliviasnicefamily63@gmail.com',E'PabW5qtdNFOpkRDDLBOb9QRIcIXUFX0sTIP0m4yyyqpH8Aep43RcAg0aO6IkjyVdfmjAXfNTsbkN3I5bDQJJ8e7JEFMEZuSpaKG4VpUSzYE1rHyD8etwLM5GACyoN5LwF0sTBjMCiiqwlnpqrr797PxloDveRPaLxwNaR5aepNqZw3nKHUawFJvlEx7Ezi4a09vBvH17a62cJT1o44lkNKtqxak0mz984HZOwDVOV6Kap0aFHLxswoYUr1DRSC6',E'2021-01-01',E'2021-11-21'),
(44,1,E'$2a$10$dFvXhoZ15uzTfvDMKnK26e5/B1eT4jJ.RR.SjHFziEhg/AJXUpbGK',E'$2a$10$6qb0JJReyiWk.FmJtggK4uNIAtQHNEMSvU7S.bMd64IXQGRsUoiui',E'Mia',E'M',3,43,FALSE,FALSE,FALSE,E'2021-11-21',E'miasmumandpop453@gmail.com',E'BxSy5hWaYdr1z7qalRVAs5KAZh5cGfe2VPG7PmTdgRGDn2Vijfq7uy5wREt14OdKZmhwVkinD23Tjy15n1KeuRfSTTWZV1phYV64H6MZU5ddqspta4Dw1snHLCrn1ah2u6ygRwEq3XCqFSsJvj1ps5Z1r46SduOPNHuWkuXobaRVBW2MAMBG677TUzqMdamuJ8hgRHVv6LM5M3tpOJLw7s02MAjy7tIE5tGfmcTw73MRZ0DbpT1bUtjFAReL1DN',E'2021-01-01',E'2021-11-21'),
(45,1,E'$2a$10$b2QtRwQ6LeR7AUMCv3W11Odd3mf4fOb65.tvSaG/rviniulwIv3Ia',E'$2a$10$EmZSUm.XLEjdXOZDcJE3VeG8SYFn.XPAZhinkZU0jflAbPQ6z0Y9u',E'Abigail',E'W',3,44,FALSE,FALSE,FALSE,E'2021-11-21',E'abbywfamily524@gmail.com',E'p5eOXhcNiVlOMjTTLEQFSTEePISfSwuKbwWgi6xBkqUdoKpHkPO5kWp7YKjPrWsAnLt9GChhMM9UmCxnA15h7pdgPTihEqpFBK7n3QFyhVFfa44I0d1i3F9xWcHqxYCymfr159J2eqynrs8ppVMDFf4YN12P3sMAJBfuJIjrc01QdfzTcG2PYYhp6igDOPvV4I6qvVtBduKrAvDwRPsmAK5QVmScCEIaX78W7IlEOVDWa6D5GMHVqTFRmXyFt9D',E'2021-01-01',E'2021-11-21'),
(46,1,E'$2a$10$1svUKWwmFjtH1M8QrEfAmO4K7KKsYv9m2BeCsdDxizS0r4MdPXQ5O',E'$2a$10$W3qeap5t3jPQ3xcWMXvIluhdPqxQreWhMgG46hB/Hz.ifCJRXrys.',E'Harper',E'N',3,45,FALSE,FALSE,FALSE,E'2021-11-21',E'hapershappyfamily52@gmail.com',E'6Xle2OLv78ufNage0QwtGowBcDo2GbnGKrlBBT4XdrjldMGOl7RVR4ZXEgRXNPNBjYo6W4F9Uc8sYmoWZ3p1ymMqmQfPWM8DUjGkwuulSARIWFmTwuAEfwPdVQ8GHfh8U4t6wvRQ1yljqFg0cf8oJIKIBUgwihF1MFTg0V7ANwNHvdIaN8Vy5zYHDn7jhE0bCWGi768LHDP07EYdeFTBRLSeguCHRZLxsEvRJjr5h32aAg5qXmY6hvBBMdJz2WN',E'2021-01-01',E'2021-11-21'),
(47,1,E'$2a$10$DYohScPh0DPFDJ1T5/yYpua.AgTGyWIndiccFqOPYNNXnTMjtroyG',E'$2a$10$HxZdAgK/vTs.QtV4E9c9neIR4fnWIBrPpYcxSF0o5sDfYeQx2DPA6',E'Elijah',E'G',4,64,FALSE,FALSE,FALSE,E'2021-11-21',E'lijahsfamily553@gmail.com',E'C2OqtyoBhghDUhA9ZyGRtAdpRSzCJGLkYdaN10KzN2Imk3AxuR0sgkJXytTq66qIHEY8amullfVKdSSdExh6kErbvvampwW53DejdeJ53zw51qjPRfEFREUY0LE5K9rD7JLhNF2ab8PgPlQ0pfrKtSa3XvNfcMhN71J95BYvxTBPGhbQ4IvasCKhnboYDd5WOdbrYye1L9oftTGGTOOC5yrdlhjQqmpPZpFZ7kJpdUv1E88nwYkHjZzqUJ2dIYf',E'2021-01-01',E'2021-11-21'),
(48,1,E'$2a$10$CYzd67SdhErPXt/JbBz2A.dMXDseyVFEeUb6Iz/.pSFV9D6FsxORW',E'$2a$10$KrIY8gIPFD9JuHcOeP6ANedLVMuE0ply3MPqIq6rqD/th6akiOHV2',E'David',E'K',4,47,FALSE,FALSE,FALSE,E'2021-11-21',E'davidsdadsrad87@gmail.com',E'fJWlA7fRWL58xFZ87fFbotWofBjsfKoDXXWvXovUoiADw0d9wUMBXbllGdGaR02wJbkPnWwiDR3hltQ8s2vOzPzYqbxm5y3NBjsyNkVDn8WVaV4uXapN6zM9TXptJMlFgX5hbiLYmU5TANBI93s0Plc2ZfRT9O5OtulG9JFVfihhPL5j9vF6zkIdcW7vMWTp41bqBIjLswgJPRcq4xpsXSAbjYFadgs5EFp6fub0nrlaqX00zUEjTAtXgkh36Pk',E'2021-01-01',E'2021-11-21'),
(49,1,E'$2a$10$lNGJ07jhIgvhC751u4urvOSND4huRf5254l8YesNgrQNtZJX8dsMu',E'$2a$10$MaYz0.kc3nL6UKPS9Pc.eu4IbuIYVyZPPns152dVtqn1W83Z0dtdq',E'Victoria',E'W',4,48,FALSE,FALSE,FALSE,E'2021-11-21',E'vickiesfamily94@gmail.com',E'NbDdb4oY6Romyrk3KNucUnhmYthHbl2errzcAoXoExyQFsLiqtIqKbHTYER0LhOZwRi1zQ0eEcBWsUEA0otw7imCahsP4nJ8zaEOisaPBoGeiGH19ug7pyI67tOsBNnCpwUh7THeJ1ZNXUsKCXgxwdMEUYacaNFWUBCsZLfi2o4BrO7accZrgr7GP7z5nMHqjpuXnFkuhKuauqGCIBIlcBjWAjBe5bGTyETeUAWcXmCsIn8vQYVIj3F5ALhwVlr',E'2021-01-01',E'2021-11-21'),
(50,1,E'$2a$10$THdag2mMfehx/jUOMc0hYuCnLkRMdyu2juHRKuwTIUF9c7jIguMuu',E'$2a$10$NMZnEwPcPEsz.0PApQesMOPAOWfC/kh4Ipy.oTTnpxAxKZlCTv30W',E'Lillian',E'O',4,49,FALSE,FALSE,FALSE,E'2021-11-21',E'lilliansfamily93@gmail.com',E'aCzgiyguQA6BC215oK90bKndwt510lhWsPXwUZXn0MCW3YJn096zdHLk4g5bCNBcqmo2Hg3VOypymIfV4Div0WS0P73KNhgCLKFOLEa8TIGbj0j3EU8KHxVISVVaD7kCGf2ZF4olsZzm3YIU7PHgD3wnLuGepwbBwFptMNplJpeJIoUMOspMowWCcaFpcKXq3AUMHyaw4nBO3qE6ELIVGmppZOM4BI5IwllQx47XnHgxBGBqoSpG2Lncs4EanXg',E'2021-01-01',E'2021-11-21'),
(51,1,E'$2a$10$OUT0Tg0FPphw3MnmFzKFWO8FCR1Sp1S1CpVLZRbp4GZKz1DZhpeIi',E'$2a$10$njP9weMvNoRqDw/iXjxJvel1g96yvoKc.IHL/ZJjXEvzaW0rKfl16',E'Carter',E'C',6,65,FALSE,FALSE,FALSE,E'2021-11-21',E'cartersfamily3232@gmail.com',E'beKFQhfDOmEZzlgEecvecKhJRIgw4OBfebJRloXTx1pcTJScMANmxt0S5cAIx9rD4Um6ZvoX8c2Fj3c5wANESajx7HyvFkGD9p1fZCBBxTmyeqmh2ZP03UMhQvljp5Yf6R96sevQ9Exp6S7zu5iaqqSwEfvzb8G3n4yzPOX7YGk24fBU1wpMk5CYtJOjhnZf8FjFUSs2lGT4i6r1BQSLNEzR55IDHxVDr9H5WjW5LWz0K7pUt6Q7FrhBlvucOai',E'2021-01-01',E'2021-11-21'),
(52,1,E'$2a$10$O44Fihl/AJN.1YvUx01cYuSv1CAL48o6zHUFNIo8OFAlILgHnh5x.',E'$2a$10$z4V9e/iV83kFuZINiNsSXOPN60DMIt0TvvzjLjCs0aLYURD8WDMDq',E'Luke',E'P',6,66,FALSE,FALSE,FALSE,E'2021-11-21',E'lucasdadandmom45@gmail.com',E'7EtzNULPzmIO09admo9Xg82Gn56DHHcF63a7KRXDj8aP7yEiwFAH3r8QD84ThCLgNTR0HfJp4dHaIuOtySF85L0x2TazQSksYspoLWE9UA9C0oCoY1Oz74OvBNASjFc04Po3Z3clPePYeDSvNQmvkbGY4ZVi57B9oGBYADdxvoYGGiPcEUB1wz7fj2ixJxpBaAfCSGByELf14sAIpzBkGi3ETVlPqYuScPXghHw7S5t8pXQgx7CeW8cA2fZo4MK',E'2021-01-01',E'2021-11-21'),
(53,1,E'$2a$10$ZF489S6PR22NbWxCXe7u1OaFyMx57QJcl2DOW5acfyrOqNEnaIrgu',E'$2a$10$4CwLgf8epZB.kllyf5gZd.HWsvUBA7YcdT9GqBGNVy2cum.qmNIA2',E'Zoe',E'M',6,67,FALSE,FALSE,FALSE,E'2021-11-21',E'zoesparents34@gmail.com',E'FeCqJymvIhZ6flJDca65KOpYDSDzPd4AbhSfv3wLdK8OflqF28fa7X6De8M7Mb8Ihgo6Ky9gQpbx515vFsoAXhGpgCSICRMBizT86nb9hZDopjURVC6wXEkM5HrTRbZrPour0u2UAvErbn83SB7aKRdQSZJgjpdj0msXzRkXgo0SKPm6EgfslyRFL11wHUH4rnZQ9XzOEYG7Utsfr1Czqe0FDYhfHl0kfTneeobhyXKYpPzV7LUxyJCTR5Qvg1F',E'2021-01-01',E'2021-11-21'),
(54,1,E'$2a$10$q/kuQpCh7joyxkXOMHG7FOhkHjAjEm2staX4cBMBZP1nDmHRpeui6',E'$2a$10$20VpFM.SxbDgZUHi0VxwVuCY5wWrnA.j.fxW3zjhryIYeQC5gRx0a',E'Riley',E'W',6,53,FALSE,FALSE,FALSE,E'2021-11-21',E'rileysmothersemail33@gmail.com',E'gFOrL7ZeqviEe7hoe1Z199H0idqX5Mzm1bDwGOwuGL8OQumDI0A0pbkQF7mX6bU6NuwTyPC950jt8MFdRCD18WTkFepZna4I18OIbkODZu7JB1npkuQncczowIKJFjBtE3VMqZjqwkka711D5mVVoVRoc7YKhwR0fCF1CcLvo1IQnpUp949tBlPsD3dSiHsAGuexbvYiPOVE3MdCdw9sdrcVFFOz911zKtfYBUbLqwTTwDBFF0fcqqfKCB0BrO7',E'2021-01-01',E'2021-11-21'),
(55,1,E'$2a$10$zpXmtlvwa3rEhWRSIKotxeAWvaoOVGKejeuPhmndFf3bBrGDN3.6a',E'$2a$10$i.Zsy/IHLC4xtukMdFX9v.dQWAydd29/qJHi32PpUELQ.XOfTawZm',E'Aaron',E'A',6,68,FALSE,FALSE,FALSE,E'2021-11-21',E'aaronsmomsmail3939',E'jeWDGy3lQc7gUjayG7FNvgysCWs7uH2rMeNEkDo53ff76iL0C26aCX6LiuUaVENDrss2tCtJNKF2R77our0lRmGfys9mg1RS1FRBzwmpugoBI7uakbfqQLaZvE0MX9d3wxqhdOyWw44c7ikObz9PJ6nMQFfQc6nUxIQJAHTg0fQkY6ysQVpIqIPC6Sb0Y6mfzKFbUwF1hk4ZTlHzcRh3mZByT0i0I2WazriWtM4JLROgQA7CoKMlfN5NvKnqjK1',E'2021-01-01',E'2021-11-21'),
(56,1,E'$2a$10$KPMuUxKUIrI2wtBqyY6OVe/shChAEhp6ns2AIH.5dUzHvwLYObLTC',E'$2a$10$8uya6HyBFR/cHV2Ca0DmgurEEW/t2RoR90pr0hzXVulF/AkEodc/W',E'William',E'D',2,71,FALSE,FALSE,FALSE,E'2021-11-21',E'andyehrhardt@gmail.com',E'jQZL0BjZ1UY5flZly1GeaZfF7OKFFvJBLMJUDrV7PrmKZteBhcQedL6kf7Y1DeNAvlefTuYsJZyi8dEKLcKlLv1N13vFC1fvS7hUYM3GPtmact4g0FaBHmp8fVaOrO1PGFXY9R5bCstIk5F8Z9TYiOAqrQXjlYucHdb8mwsFyrO5kvbP2v3Tj9apJ9xyMdscC7eo1gjor031mJ0beFBQePJQk5WA3wj5jmfePg0oU6nyD6I2BDwTeGJoOYV8RSx',E'2021-11-21',E'2021-11-21'),
(57,1,E'$2a$10$bfOJ6z6JrZSjKBwKwlO6lew8LJDaBFpJzbvng5FqsnvJmXQ/Eewu6',E'$2a$10$VjChhCnfjlK0T/oaURmjDuCeoGcC2l4SuFXpov/EFAjPxu20FUzM2',E'Lisa',E'B',5,72,FALSE,FALSE,FALSE,E'2021-11-21',E'lisasparents50@gmail.com',E'cRyAgQjBM1ZEb3rkwcBv5kTNcNVxRZcqvFPF2vosaarQZb5FrYU9EEJEEgJ9nEcWKMYOwOXk7dIOyY1b7hHwj5WxeepPqIdetkMEdf6K5tW85kUvKdbsq0kXX2vful5oa3BldaOdIca9IUz8WtPF2AjcpZSjvRQ3jaJOoquSiFi05ZKGvTj8Qc07FzPaSVNc7X7cQwAhurBPgKlglS6FKPsRNzfvA9BoyoI5PYoi3mkt7RwDHMBqAdNXFOL6wHT',E'2021-01-01',E'2000-01-01'),
(58,1,E'$2a$10$VghhjWygzQMi3o82RC12tODHKq83yzcdRZsjeRhWXhCeinRjoyVda',E'$2a$10$F.s5r7Kx8jjaRGBC2SLCBeYIqXPwIRoVE69TJ3XG6DCRIUgijN3MO',E'Ellen',E'W',5,73,FALSE,FALSE,FALSE,E'2021-11-21',E'ellensparents',E'XnmXXreKdohTdLBxnXkKhX2GmifuEVDSlZuU052PjX3QaqobXeo4tNa0YzEpTArWVWT0nHyKMylSvMNur4LeVUdrND0SsilXkjRuOHREdQrSV6yDiKybEyhomKKpzW1FIqSnZNTnzPAewfoXaGCy9ZXKBTCZWyOjfJv5K4C2lMDUcTknzJZthpdo8rkFsOUwrFw990lBL0puVu41brWrfOFxWl6brfGLcT1DVZrdp9zdoHlnpjKWSCDXbGeM9CY',E'2021-01-01',E'2000-01-01'),
(59,1,E'$2a$10$6/ouQNw//DZedG0YkCB4yOsMn8eCkjd2ASTyEnaRAnKrFwUzqYRnO',E'$2a$10$LHyIcF.TIcmxtU.Goo8AFOsbbv/hIg5vnb/y5JowQmBBY1v7ar9HW',E'Mark',E'P',5,74,FALSE,FALSE,FALSE,E'2021-11-21',E'marksparents45@gmail.com',E'ftwSJIJ1DTOs5IeG0lfHyEVHRuWELBv92CHT2pmMaFHQYaxMQjqeJP6B6u8g9UWWBDJtbCvHV9G3ciFdcHxBzDtb2gVKO81kc8Jhwy2kuKuYX2rjyRvqJDmAk6DtWbFdKcI810JQJ1fHVdrog1SJCMUqB2X3sDpZB84TUEEApXtOluOkdkWpdaJVgw2MIF9l0ei1YGkGb6BZhrIMSen6uk8CjxxGPWLg76vVyHKwDLEczBc2xfNwORKqJcKNely',E'2021-01-01',E'2000-01-01'),
(60,1,E'$2a$10$1D976gYc/6v4onSv7XgllOQKKJqr08qvnIKBvJvS4NWrjliz8rtQy',E'$2a$10$nUOtfDRTxx2Bo3eiZYH2buE3iw4AoY29Q62vdmin6rsX96IsVt/Ti',E'Edward',E'C',5,75,FALSE,FALSE,FALSE,E'2021-11-21',E'edsparents345@gmail.com',E'AFfnSeT1beroPxodZRokvSZ8XRKw7tpnhEL1jWS68oLJ3UYnptPuN5ZHRH2Az3fxXeIKFPQTtiIat9wWNNaR2gIR2XPJ5Ps9Q1jL0ZuhqXhS1ItKkEOz5eTWrx83gfEiEJbyKCtNwb2VUXE1IpQ4MsnSsh8LOhC11cyXOrai5gXjF168Rc1aiUlHdUbzaJajnl58fsCrUdJbKLjzvoIuXPwpdDjFEmv6PjNaDHHQyTkXC1CJhdmLXtWEvBiHMWW',E'2021-01-01',E'2000-01-01');

SELECT setval('user_id_seq', 61, false);






INSERT INTO "assessments"("id","student_id","entered_by_id","grade","date","ask_help","confidence_adult","confidence_peer","succeed_pressure","persistence","express_adult","express_peer","current")
VALUES
(1,7,7,10,E'2021-11-21',4,3,3,2,3,4,4,FALSE),
(2,7,7,10,E'2021-11-21',5,3,4,3,3,4,5,TRUE),
(3,2,2,8,E'2021-11-21',4,4,3,4,4,4,4,FALSE),
(4,2,2,8,E'2021-11-21',4,4,4,4,5,4,5,TRUE),
(5,3,3,11,E'2021-11-21',3,3,3,2,3,4,3,FALSE),
(6,3,3,11,E'2021-11-21',3,4,4,3,4,5,4,TRUE),
(7,4,4,0,E'2021-11-21',3,2,3,3,3,3,4,FALSE),
(8,4,4,0,E'2021-11-21',4,3,3,4,3,4,4,TRUE),
(9,6,6,7,E'2021-11-21',4,3,4,4,3,4,4,FALSE),
(10,6,6,7,E'2021-11-21',5,4,4,5,3,5,5,TRUE),
(11,8,8,10,E'2021-11-21',3,2,2,3,2,2,3,FALSE),
(12,8,8,10,E'2021-11-21',3,3,3,3,3,3,2,TRUE),
(13,9,9,11,E'2021-11-21',4,5,5,5,4,4,4,FALSE),
(14,9,9,11,E'2021-11-21',4,5,5,5,4,5,5,TRUE),
(15,10,10,9,E'2021-11-21',4,4,5,4,5,5,5,FALSE),
(16,10,10,9,E'2021-11-21',5,5,5,5,5,5,5,TRUE),
(17,11,11,8,E'2021-11-21',4,5,5,5,5,4,4,FALSE),
(18,11,11,8,E'2021-11-21',4,5,5,5,5,4,4,TRUE),
(19,12,12,9,E'2021-11-21',5,5,5,5,4,4,4,FALSE),
(20,12,12,9,E'2021-11-21',5,5,5,5,5,5,5,TRUE),
(21,13,13,12,E'2021-11-21',4,4,3,4,4,4,4,FALSE),
(22,13,13,12,E'2021-11-21',4,4,3,4,4,4,4,TRUE),
(23,14,14,12,E'2021-11-21',5,5,4,5,4,4,5,FALSE),
(24,14,14,12,E'2021-11-21',5,5,4,5,4,4,5,TRUE),
(25,15,15,7,E'2021-11-21',3,4,4,3,3,3,3,FALSE),
(26,15,15,7,E'2021-11-21',3,4,5,3,3,3,3,TRUE),
(27,16,16,6,E'2021-11-21',4,3,3,3,3,4,2,FALSE),
(28,16,16,6,E'2021-11-21',4,3,3,3,3,4,2,TRUE),
(29,17,17,6,E'2021-11-21',5,5,5,4,5,5,5,FALSE),
(30,17,17,6,E'2021-11-21',5,5,5,4,5,5,5,TRUE),
(31,18,18,5,E'2021-11-21',3,3,3,3,3,3,3,FALSE),
(32,18,18,5,E'2021-11-21',3,3,3,3,3,3,3,TRUE),
(33,19,19,5,E'2021-11-21',2,2,3,2,2,2,2,FALSE),
(34,19,19,5,E'2021-11-21',2,2,3,2,2,2,2,TRUE),
(35,20,20,4,E'2021-11-21',2,2,3,3,3,3,3,FALSE),
(36,20,20,4,E'2021-11-21',2,2,3,3,3,3,3,TRUE),
(37,21,21,4,E'2021-11-21',3,4,3,2,2,2,3,FALSE),
(38,21,21,4,E'2021-11-21',3,4,3,2,2,2,3,TRUE),
(39,22,22,3,E'2021-11-21',4,4,3,3,3,3,4,FALSE),
(40,22,22,3,E'2021-11-21',4,4,3,3,3,3,4,TRUE),
(41,23,23,3,E'2021-11-21',4,4,3,4,4,4,4,FALSE),
(42,23,23,3,E'2021-11-21',4,4,3,4,4,4,4,TRUE),
(43,24,24,2,E'2021-11-21',3,3,3,3,3,3,3,FALSE),
(44,24,24,2,E'2021-11-21',3,3,3,3,3,3,3,TRUE),
(45,25,25,2,E'2021-11-21',2,2,2,2,2,2,2,FALSE),
(46,25,25,2,E'2021-11-21',2,2,2,2,2,2,2,TRUE),
(47,26,26,2,E'2021-11-21',2,2,2,1,2,2,2,FALSE),
(48,26,26,2,E'2021-11-21',2,2,2,1,2,2,2,TRUE),
(49,27,27,1,E'2021-11-21',3,3,2,2,2,2,3,FALSE),
(50,27,27,1,E'2021-11-21',3,3,2,2,2,2,3,TRUE),
(51,28,28,1,E'2021-11-21',3,2,2,2,2,3,3,FALSE),
(52,28,28,1,E'2021-11-21',3,2,2,2,2,3,3,TRUE),
(53,29,29,1,E'2021-11-21',2,2,3,3,3,2,3,FALSE),
(54,29,29,1,E'2021-11-21',2,2,3,3,3,2,3,TRUE),
(55,30,30,5,E'2021-11-21',2,2,2,2,2,2,2,FALSE),
(56,30,30,5,E'2021-11-21',2,2,2,2,2,2,2,TRUE),
(57,31,31,0,E'2021-11-21',3,3,3,3,4,4,4,FALSE),
(58,31,31,0,E'2021-11-21',3,3,4,3,4,4,4,TRUE),
(59,32,32,3,E'2021-11-21',2,3,4,4,3,2,2,FALSE),
(60,32,32,3,E'2021-11-21',2,3,4,4,3,2,2,TRUE),
(61,33,33,1,E'2021-11-21',2,2,3,3,3,3,2,FALSE),
(62,33,33,1,E'2021-11-21',2,2,3,3,3,3,2,TRUE),
(63,34,34,2,E'2021-11-21',2,2,2,2,3,2,3,FALSE),
(64,34,34,2,E'2021-11-21',2,2,2,2,3,2,3,TRUE),
(65,40,40,7,E'2021-11-21',4,3,3,3,4,4,4,FALSE),
(66,40,40,7,E'2021-11-21',4,3,3,4,4,4,4,TRUE),
(67,41,41,10,E'2021-11-21',2,2,2,2,2,2,2,FALSE),
(68,41,41,10,E'2021-11-21',2,2,2,2,2,2,2,TRUE),
(69,42,42,12,E'2021-11-21',3,3,3,3,3,3,3,FALSE),
(70,42,42,12,E'2021-11-21',3,3,3,3,3,3,3,TRUE),
(71,43,43,12,E'2021-11-21',3,3,3,3,3,3,3,FALSE),
(72,43,43,12,E'2021-11-21',3,3,3,3,3,3,3,TRUE),
(73,44,44,12,E'2021-11-21',3,3,3,3,3,3,3,FALSE),
(74,44,44,12,E'2021-11-21',3,3,3,3,3,3,3,TRUE),
(75,45,45,11,E'2021-11-21',3,2,2,2,2,2,2,FALSE),
(76,45,45,11,E'2021-11-21',3,2,2,2,2,2,2,TRUE),
(77,46,46,10,E'2021-11-21',3,4,4,4,4,3,3,FALSE),
(78,46,46,10,E'2021-11-21',3,4,4,4,4,3,3,TRUE),
(79,47,47,7,E'2021-11-21',4,4,4,4,4,4,4,FALSE),
(80,47,47,7,E'2021-11-21',4,4,4,4,4,4,4,TRUE),
(81,48,48,3,E'2021-11-21',3,4,4,4,4,4,4,FALSE),
(82,48,48,3,E'2021-11-21',3,4,4,4,4,4,3,TRUE),
(83,49,49,4,E'2021-11-21',2,4,3,2,2,2,2,FALSE),
(84,49,49,4,E'2021-11-21',2,4,3,2,2,2,2,TRUE),
(85,50,50,8,E'2021-11-21',2,2,2,2,2,2,2,FALSE),
(86,50,50,8,E'2021-11-21',2,2,2,2,2,2,2,TRUE),
(87,51,51,7,E'2021-11-21',1,4,2,2,3,2,1,FALSE),
(88,51,51,7,E'2021-11-21',1,4,2,2,3,2,1,TRUE),
(89,52,52,4,E'2021-11-21',2,1,2,3,2,3,2,FALSE),
(90,52,52,4,E'2021-11-21',2,1,2,3,2,3,2,TRUE),
(91,53,53,2,E'2021-11-21',4,3,3,3,3,3,4,FALSE),
(92,53,53,2,E'2021-11-21',4,3,3,3,3,3,4,TRUE),
(93,54,54,3,E'2021-11-21',1,3,2,1,1,1,1,FALSE),
(94,54,54,3,E'2021-11-21',1,3,2,1,1,1,1,TRUE),
(95,55,55,0,E'2021-11-21',2,2,3,2,2,2,2,FALSE),
(96,55,55,0,E'2021-11-21',2,2,3,2,2,2,2,TRUE),
(97,35,35,2,E'2021-11-21',1,1,1,1,1,1,1,FALSE),
(98,35,35,2,E'2021-11-21',1,1,1,1,1,1,1,TRUE),
(99,36,36,3,E'2021-11-21',1,1,1,1,1,1,1,FALSE),
(100,36,36,3,E'2021-11-21',1,1,1,1,1,1,1,TRUE),
(101,37,37,4,E'2021-11-21',2,2,2,2,2,2,2,FALSE),
(102,37,37,4,E'2021-11-21',2,2,2,2,2,2,2,TRUE),
(103,38,38,5,E'2021-11-21',3,3,3,3,3,3,3,FALSE),
(104,38,38,5,E'2021-11-21',3,3,3,3,3,3,3,TRUE),
(105,39,39,6,E'2021-11-21',2,2,2,2,2,2,2,FALSE),
(106,39,39,6,E'2021-11-21',2,2,2,2,2,2,2,TRUE),
(107,56,56,8,E'2021-11-21',5,4,5,5,5,5,5,FALSE),
(108,56,56,8,E'2021-11-21',5,4,5,5,5,5,5,TRUE);

SELECT setval('assessments_id_seq', 109, false);



